File Name,Dataset,aid,Date,Count,Minimum,Maximum,Range,Mean,Standard Deviation,Variance,Upper Quartile,Upper 1.5 IQR,Median,Lower 1.5 IQR,Lower Quartile
MOD13A3_006__1_km_monthly_NDVI_doy2000275_aid0001,_1_km_monthly_NDVI,aid0001,2000-10-01,1035.0,0.0206,0.7488,"(0.0206,0.7488)",0.503,0.101,0.0102,0.5687,0.7488,0.4985,0.2772,0.4443
MOD13A3_006__1_km_monthly_NDVI_doy2000306_aid0001,_1_km_monthly_NDVI,aid0001,2000-11-01,1035.0,-0.0084,0.7029,"(-0.0084,0.7029)",0.4311,0.112,0.0125,0.5058,0.7029,0.419,0.169,0.3656
MOD13A3_006__1_km_monthly_NDVI_doy2000336_aid0001,_1_km_monthly_NDVI,aid0001,2000-12-01,1035.0,-0.0358,0.9101,"(-0.0358,0.9101)",0.3888,0.1509,0.0228,0.4818,0.7285,0.368,0.0742,0.317
MOD13A3_006__1_km_monthly_NDVI_doy2001001_aid0001,_1_km_monthly_NDVI,aid0001,2001-01-01,1035.0,-0.062,0.9559,"(-0.062,0.9559)",0.3493,0.1626,0.0265,0.4412,0.6744,0.3366,0.055,0.2851
MOD13A3_006__1_km_monthly_NDVI_doy2001032_aid0001,_1_km_monthly_NDVI,aid0001,2001-02-01,1035.0,-0.0306,0.7264,"(-0.0306,0.7264)",0.3464,0.1534,0.0235,0.4424,0.6952,0.3251,0.0218,0.2736
MOD13A3_006__1_km_monthly_NDVI_doy2001060_aid0001,_1_km_monthly_NDVI,aid0001,2001-03-01,1035.0,-0.0277,0.7468,"(-0.0277,0.7468)",0.3511,0.155,0.024,0.4478,0.6732,0.3387,0.0407,0.2837
MOD13A3_006__1_km_monthly_NDVI_doy2001091_aid0001,_1_km_monthly_NDVI,aid0001,2001-04-01,1035.0,-0.0441,0.711,"(-0.0441,0.711)",0.4168,0.1386,0.0192,0.5028,0.7076,0.4209,0.1718,0.3647
MOD13A3_006__1_km_monthly_NDVI_doy2001121_aid0001,_1_km_monthly_NDVI,aid0001,2001-05-01,1035.0,0.0386,0.77,"(0.0386,0.77)",0.5099,0.1183,0.014,0.5948,0.77,0.5169,0.213,0.4406
MOD13A3_006__1_km_monthly_NDVI_doy2001152_aid0001,_1_km_monthly_NDVI,aid0001,2001-06-01,1035.0,0.04,0.7611,"(0.04,0.7611)",0.5051,0.1334,0.0178,0.6115,0.7611,0.51,0.1058,0.4074
MOD13A3_006__1_km_monthly_NDVI_doy2001182_aid0001,_1_km_monthly_NDVI,aid0001,2001-07-01,1035.0,0.0753,0.8573,"(0.0753,0.8573)",0.6764,0.094,0.0088,0.748,0.8573,0.6927,0.4211,0.617
MOD13A3_006__1_km_monthly_NDVI_doy2001213_aid0001,_1_km_monthly_NDVI,aid0001,2001-08-01,1035.0,0.1096,0.822,"(0.1096,0.822)",0.6684,0.0871,0.0076,0.7306,0.822,0.681,0.4627,0.6217
MOD13A3_006__1_km_monthly_NDVI_doy2001244_aid0001,_1_km_monthly_NDVI,aid0001,2001-09-01,1035.0,0.0421,0.8124,"(0.0421,0.8124)",0.5719,0.1028,0.0106,0.64,0.8124,0.5699,0.3413,0.5058
MOD13A3_006__1_km_monthly_NDVI_doy2001274_aid0001,_1_km_monthly_NDVI,aid0001,2001-10-01,1035.0,0.0033,0.7183,"(0.0033,0.7183)",0.4754,0.1038,0.0108,0.5478,0.7183,0.4651,0.2092,0.4108
MOD13A3_006__1_km_monthly_NDVI_doy2001305_aid0001,_1_km_monthly_NDVI,aid0001,2001-11-01,1035.0,-0.0433,0.7874,"(-0.0433,0.7874)",0.4215,0.1549,0.024,0.5148,0.7536,0.4143,0.1227,0.3555
MOD13A3_006__1_km_monthly_NDVI_doy2001335_aid0001,_1_km_monthly_NDVI,aid0001,2001-12-01,1035.0,-0.0527,0.8507,"(-0.0527,0.8507)",0.406,0.1528,0.0234,0.4992,0.7397,0.3895,0.0881,0.3345
MOD13A3_006__1_km_monthly_NDVI_doy2002001_aid0001,_1_km_monthly_NDVI,aid0001,2002-01-01,1035.0,-0.0573,0.8022,"(-0.0573,0.8022)",0.3637,0.1597,0.0255,0.4602,0.704,0.3523,0.0391,0.2906
MOD13A3_006__1_km_monthly_NDVI_doy2002032_aid0001,_1_km_monthly_NDVI,aid0001,2002-02-01,1033.0,-0.0575,0.878,"(-0.0575,0.878)",0.3105,0.1622,0.0263,0.4002,0.6233,0.3146,0.029,0.2505
MOD13A3_006__1_km_monthly_NDVI_doy2002060_aid0001,_1_km_monthly_NDVI,aid0001,2002-03-01,1035.0,-0.039,0.8688,"(-0.039,0.8688)",0.3485,0.1682,0.0283,0.4402,0.6522,0.3636,0.097,0.2988
MOD13A3_006__1_km_monthly_NDVI_doy2002091_aid0001,_1_km_monthly_NDVI,aid0001,2002-04-01,1035.0,-0.0271,0.7288,"(-0.0271,0.7288)",0.4317,0.158,0.025,0.5185,0.6967,0.458,0.23,0.3983
MOD13A3_006__1_km_monthly_NDVI_doy2002121_aid0001,_1_km_monthly_NDVI,aid0001,2002-05-01,1035.0,0.0081,0.7666,"(0.0081,0.7666)",0.5078,0.1268,0.0161,0.5965,0.7666,0.5152,0.1876,0.4316
MOD13A3_006__1_km_monthly_NDVI_doy2002152_aid0001,_1_km_monthly_NDVI,aid0001,2002-06-01,1035.0,0.0502,0.7771,"(0.0502,0.7771)",0.5369,0.1259,0.0159,0.637,0.7771,0.55,0.1752,0.4442
MOD13A3_006__1_km_monthly_NDVI_doy2002182_aid0001,_1_km_monthly_NDVI,aid0001,2002-07-01,1035.0,0.098,0.825,"(0.098,0.825)",0.6119,0.112,0.0125,0.6952,0.825,0.633,0.3248,0.5412
MOD13A3_006__1_km_monthly_NDVI_doy2002213_aid0001,_1_km_monthly_NDVI,aid0001,2002-08-01,1035.0,0.1186,0.8217,"(0.1186,0.8217)",0.631,0.0934,0.0087,0.6998,0.8217,0.6472,0.3925,0.5765
MOD13A3_006__1_km_monthly_NDVI_doy2002244_aid0001,_1_km_monthly_NDVI,aid0001,2002-09-01,1035.0,0.1185,0.8046,"(0.1185,0.8046)",0.6318,0.094,0.0088,0.6994,0.8046,0.6463,0.4111,0.5806
MOD13A3_006__1_km_monthly_NDVI_doy2002274_aid0001,_1_km_monthly_NDVI,aid0001,2002-10-01,1035.0,0.0408,0.7367,"(0.0408,0.7367)",0.5074,0.103,0.0106,0.5744,0.7367,0.502,0.2468,0.4411
MOD13A3_006__1_km_monthly_NDVI_doy2002305_aid0001,_1_km_monthly_NDVI,aid0001,2002-11-01,1035.0,-0.0044,0.7271,"(-0.0044,0.7271)",0.4336,0.1128,0.0127,0.5062,0.6748,0.4234,0.1503,0.3605
MOD13A3_006__1_km_monthly_NDVI_doy2002335_aid0001,_1_km_monthly_NDVI,aid0001,2002-12-01,1035.0,-0.0182,1.0,"(-0.0182,1.0)",0.3954,0.1315,0.0173,0.4788,0.7215,0.3727,0.0865,0.3136
MOD13A3_006__1_km_monthly_NDVI_doy2003001_aid0001,_1_km_monthly_NDVI,aid0001,2003-01-01,1035.0,-0.0584,0.8429,"(-0.0584,0.8429)",0.3371,0.1641,0.0269,0.4295,0.6765,0.3209,0.0173,0.2645
MOD13A3_006__1_km_monthly_NDVI_doy2003032_aid0001,_1_km_monthly_NDVI,aid0001,2003-02-01,1025.0,-0.0662,0.9277,"(-0.0662,0.9277)",0.2985,0.1728,0.0299,0.395,0.6456,0.2976,-0.0238,0.2273
MOD13A3_006__1_km_monthly_NDVI_doy2003060_aid0001,_1_km_monthly_NDVI,aid0001,2003-03-01,1035.0,-0.037,0.9277,"(-0.037,0.9277)",0.2946,0.1547,0.0239,0.3896,0.5933,0.3116,0.0418,0.2485
MOD13A3_006__1_km_monthly_NDVI_doy2003091_aid0001,_1_km_monthly_NDVI,aid0001,2003-04-01,1035.0,-0.0422,0.7084,"(-0.0422,0.7084)",0.4165,0.1638,0.0268,0.5181,0.7084,0.4538,0.1967,0.3822
MOD13A3_006__1_km_monthly_NDVI_doy2003121_aid0001,_1_km_monthly_NDVI,aid0001,2003-05-01,1035.0,0.0113,0.7683,"(0.0113,0.7683)",0.4827,0.1248,0.0156,0.5559,0.732,0.4923,0.2582,0.436
MOD13A3_006__1_km_monthly_NDVI_doy2003152_aid0001,_1_km_monthly_NDVI,aid0001,2003-06-01,1035.0,0.0513,0.7661,"(0.0513,0.7661)",0.5442,0.1232,0.0152,0.6346,0.7661,0.5626,0.2389,0.4667
MOD13A3_006__1_km_monthly_NDVI_doy2003182_aid0001,_1_km_monthly_NDVI,aid0001,2003-07-01,1035.0,0.1026,0.8249,"(0.1026,0.8249)",0.6516,0.0939,0.0088,0.7221,0.8249,0.6624,0.4439,0.6058
MOD13A3_006__1_km_monthly_NDVI_doy2003213_aid0001,_1_km_monthly_NDVI,aid0001,2003-08-01,1035.0,0.1097,0.8328,"(0.1097,0.8328)",0.6866,0.088,0.0077,0.7478,0.8328,0.7014,0.4998,0.6471
MOD13A3_006__1_km_monthly_NDVI_doy2003244_aid0001,_1_km_monthly_NDVI,aid0001,2003-09-01,1035.0,0.1038,0.8143,"(0.1038,0.8143)",0.6151,0.0958,0.0092,0.6884,0.8143,0.6153,0.3652,0.5524
MOD13A3_006__1_km_monthly_NDVI_doy2003274_aid0001,_1_km_monthly_NDVI,aid0001,2003-10-01,1035.0,-0.0234,0.7644,"(-0.0234,0.7644)",0.5109,0.121,0.0146,0.5924,0.7644,0.5042,0.2578,0.4546
MOD13A3_006__1_km_monthly_NDVI_doy2003305_aid0001,_1_km_monthly_NDVI,aid0001,2003-11-01,1035.0,-0.0181,0.708,"(-0.0181,0.708)",0.4489,0.1193,0.0142,0.5236,0.708,0.4375,0.1983,0.389
MOD13A3_006__1_km_monthly_NDVI_doy2003335_aid0001,_1_km_monthly_NDVI,aid0001,2003-12-01,1035.0,-0.039,0.8437,"(-0.039,0.8437)",0.4086,0.1583,0.025,0.5191,0.7569,0.3945,0.0629,0.3352
MOD13A3_006__1_km_monthly_NDVI_doy2004001_aid0001,_1_km_monthly_NDVI,aid0001,2004-01-01,1031.0,-0.0735,0.9453,"(-0.0735,0.9453)",0.3396,0.1787,0.0319,0.4366,0.6659,0.3521,0.0493,0.2812
MOD13A3_006__1_km_monthly_NDVI_doy2004032_aid0001,_1_km_monthly_NDVI,aid0001,2004-02-01,1035.0,-0.0454,0.9561,"(-0.0454,0.9561)",0.3429,0.1772,0.0314,0.4454,0.6832,0.3518,0.0448,0.2837
MOD13A3_006__1_km_monthly_NDVI_doy2004061_aid0001,_1_km_monthly_NDVI,aid0001,2004-03-01,1035.0,-0.0114,0.7233,"(-0.0114,0.7233)",0.402,0.1462,0.0214,0.4834,0.6575,0.416,0.1939,0.3637
MOD13A3_006__1_km_monthly_NDVI_doy2004092_aid0001,_1_km_monthly_NDVI,aid0001,2004-04-01,1035.0,-0.0075,0.7796,"(-0.0075,0.7796)",0.4643,0.1491,0.0222,0.5552,0.7253,0.484,0.2323,0.4256
MOD13A3_006__1_km_monthly_NDVI_doy2004122_aid0001,_1_km_monthly_NDVI,aid0001,2004-05-01,1035.0,-0.0069,0.804,"(-0.0069,0.804)",0.5396,0.1345,0.0181,0.6377,0.804,0.543,0.2215,0.4672
MOD13A3_006__1_km_monthly_NDVI_doy2004153_aid0001,_1_km_monthly_NDVI,aid0001,2004-06-01,1035.0,0.055,0.8029,"(0.055,0.8029)",0.5858,0.1259,0.0159,0.6851,0.8029,0.6064,0.223,0.499
MOD13A3_006__1_km_monthly_NDVI_doy2004183_aid0001,_1_km_monthly_NDVI,aid0001,2004-07-01,1035.0,0.0587,0.8462,"(0.0587,0.8462)",0.6359,0.1024,0.0105,0.7136,0.8462,0.6541,0.3511,0.5685
MOD13A3_006__1_km_monthly_NDVI_doy2004214_aid0001,_1_km_monthly_NDVI,aid0001,2004-08-01,1035.0,0.0904,0.8144,"(0.0904,0.8144)",0.661,0.0901,0.0081,0.7241,0.8144,0.676,0.4604,0.6168
MOD13A3_006__1_km_monthly_NDVI_doy2004245_aid0001,_1_km_monthly_NDVI,aid0001,2004-09-01,1035.0,0.11,0.7875,"(0.11,0.7875)",0.6001,0.0911,0.0083,0.663,0.7875,0.6051,0.3734,0.5459
MOD13A3_006__1_km_monthly_NDVI_doy2004275_aid0001,_1_km_monthly_NDVI,aid0001,2004-10-01,1035.0,-0.0385,0.7628,"(-0.0385,0.7628)",0.5205,0.1314,0.0173,0.5991,0.7628,0.5232,0.287,0.4681
MOD13A3_006__1_km_monthly_NDVI_doy2004306_aid0001,_1_km_monthly_NDVI,aid0001,2004-11-01,1035.0,-0.0449,0.7287,"(-0.0449,0.7287)",0.4643,0.1375,0.0189,0.5437,0.7287,0.4704,0.2119,0.4089
MOD13A3_006__1_km_monthly_NDVI_doy2004336_aid0001,_1_km_monthly_NDVI,aid0001,2004-12-01,1035.0,-0.0666,0.9101,"(-0.0666,0.9101)",0.4348,0.1501,0.0225,0.52,0.7506,0.4291,0.1443,0.3658
MOD13A3_006__1_km_monthly_NDVI_doy2005001_aid0001,_1_km_monthly_NDVI,aid0001,2005-01-01,1028.0,-0.0901,0.8857,"(-0.0901,0.8857)",0.3231,0.1801,0.0324,0.4312,0.6917,0.3522,-0.0338,0.2451
MOD13A3_006__1_km_monthly_NDVI_doy2005032_aid0001,_1_km_monthly_NDVI,aid0001,2005-02-01,1035.0,-0.0462,0.8857,"(-0.0462,0.8857)",0.281,0.1828,0.0334,0.3894,0.778,0.3168,-0.0462,0.1039
MOD13A3_006__1_km_monthly_NDVI_doy2005060_aid0001,_1_km_monthly_NDVI,aid0001,2005-03-01,1035.0,-0.0594,0.7977,"(-0.0594,0.7977)",0.3428,0.1842,0.0339,0.4388,0.6575,0.3762,0.0674,0.2902
MOD13A3_006__1_km_monthly_NDVI_doy2005091_aid0001,_1_km_monthly_NDVI,aid0001,2005-04-01,1035.0,-0.029,0.6842,"(-0.029,0.6842)",0.4055,0.1712,0.0293,0.51,0.6842,0.4528,0.1917,0.3809
MOD13A3_006__1_km_monthly_NDVI_doy2005121_aid0001,_1_km_monthly_NDVI,aid0001,2005-05-01,1035.0,-0.0313,0.7575,"(-0.0313,0.7575)",0.5054,0.1624,0.0264,0.6024,0.7575,0.5406,0.2993,0.4807
MOD13A3_006__1_km_monthly_NDVI_doy2005152_aid0001,_1_km_monthly_NDVI,aid0001,2005-06-01,1035.0,0.0049,0.8268,"(0.0049,0.8268)",0.5495,0.1396,0.0195,0.6482,0.8268,0.5742,0.2308,0.472
MOD13A3_006__1_km_monthly_NDVI_doy2005182_aid0001,_1_km_monthly_NDVI,aid0001,2005-07-01,1035.0,0.0732,0.8711,"(0.0732,0.8711)",0.6464,0.1102,0.0121,0.7294,0.8711,0.6608,0.3751,0.587
MOD13A3_006__1_km_monthly_NDVI_doy2005213_aid0001,_1_km_monthly_NDVI,aid0001,2005-08-01,1035.0,0.0787,0.8508,"(0.0787,0.8508)",0.6973,0.0902,0.0081,0.7669,0.8508,0.7087,0.4655,0.6457
MOD13A3_006__1_km_monthly_NDVI_doy2005244_aid0001,_1_km_monthly_NDVI,aid0001,2005-09-01,1035.0,0.1362,0.8382,"(0.1362,0.8382)",0.6514,0.0942,0.0089,0.7254,0.8382,0.6558,0.4141,0.5933
MOD13A3_006__1_km_monthly_NDVI_doy2005274_aid0001,_1_km_monthly_NDVI,aid0001,2005-10-01,1035.0,0.1362,0.7943,"(0.1362,0.7943)",0.5363,0.1059,0.0112,0.6115,0.7943,0.5241,0.2543,0.4632
MOD13A3_006__1_km_monthly_NDVI_doy2005305_aid0001,_1_km_monthly_NDVI,aid0001,2005-11-01,1035.0,-0.0145,0.7246,"(-0.0145,0.7246)",0.4267,0.1471,0.0216,0.5229,0.7246,0.4182,0.131,0.3594
MOD13A3_006__1_km_monthly_NDVI_doy2005335_aid0001,_1_km_monthly_NDVI,aid0001,2005-12-01,1035.0,-0.0265,0.7456,"(-0.0265,0.7456)",0.3898,0.1535,0.0236,0.4951,0.7456,0.3698,0.0183,0.3043
MOD13A3_006__1_km_monthly_NDVI_doy2006001_aid0001,_1_km_monthly_NDVI,aid0001,2006-01-01,1033.0,-0.0511,0.9859,"(-0.0511,0.9859)",0.2148,0.1478,0.0218,0.3091,0.6139,0.2294,-0.0511,0.0936
MOD13A3_006__1_km_monthly_NDVI_doy2006032_aid0001,_1_km_monthly_NDVI,aid0001,2006-02-01,1033.0,-0.0348,0.8398,"(-0.0348,0.8398)",0.3281,0.1751,0.0307,0.4298,0.6726,0.3278,0.0099,0.2616
MOD13A3_006__1_km_monthly_NDVI_doy2006060_aid0001,_1_km_monthly_NDVI,aid0001,2006-03-01,1032.0,-0.0602,0.7609,"(-0.0602,0.7609)",0.3514,0.1764,0.0311,0.4509,0.6613,0.3775,0.0987,0.3093
MOD13A3_006__1_km_monthly_NDVI_doy2006091_aid0001,_1_km_monthly_NDVI,aid0001,2006-04-01,1035.0,-0.034,0.7245,"(-0.034,0.7245)",0.4277,0.1738,0.0302,0.5238,0.7119,0.4648,0.2092,0.3945
MOD13A3_006__1_km_monthly_NDVI_doy2006121_aid0001,_1_km_monthly_NDVI,aid0001,2006-05-01,1035.0,0.013,0.7816,"(0.013,0.7816)",0.4992,0.1423,0.0202,0.5982,0.7816,0.5115,0.1867,0.426
MOD13A3_006__1_km_monthly_NDVI_doy2006152_aid0001,_1_km_monthly_NDVI,aid0001,2006-06-01,1035.0,0.0141,0.8025,"(0.0141,0.8025)",0.553,0.131,0.0171,0.654,0.8025,0.5634,0.2053,0.4716
MOD13A3_006__1_km_monthly_NDVI_doy2006182_aid0001,_1_km_monthly_NDVI,aid0001,2006-07-01,1035.0,0.0539,0.8261,"(0.0539,0.8261)",0.6318,0.1082,0.0117,0.7037,0.8261,0.6502,0.3931,0.5782
MOD13A3_006__1_km_monthly_NDVI_doy2006213_aid0001,_1_km_monthly_NDVI,aid0001,2006-08-01,1035.0,0.1031,0.8563,"(0.1031,0.8563)",0.6808,0.0888,0.0079,0.7408,0.8563,0.7003,0.4976,0.6423
MOD13A3_006__1_km_monthly_NDVI_doy2006244_aid0001,_1_km_monthly_NDVI,aid0001,2006-09-01,1035.0,0.0889,0.8495,"(0.0889,0.8495)",0.6443,0.0943,0.0089,0.7091,0.8495,0.65,0.4123,0.5901
MOD13A3_006__1_km_monthly_NDVI_doy2006274_aid0001,_1_km_monthly_NDVI,aid0001,2006-10-01,1035.0,0.1192,0.786,"(0.1192,0.786)",0.5411,0.108,0.0117,0.6146,0.786,0.5369,0.2831,0.4754
MOD13A3_006__1_km_monthly_NDVI_doy2006305_aid0001,_1_km_monthly_NDVI,aid0001,2006-11-01,1035.0,-0.0222,0.7388,"(-0.0222,0.7388)",0.4626,0.1246,0.0155,0.5368,0.7388,0.4621,0.2041,0.4008
MOD13A3_006__1_km_monthly_NDVI_doy2006335_aid0001,_1_km_monthly_NDVI,aid0001,2006-12-01,1034.0,-0.0621,0.9693,"(-0.0621,0.9693)",0.381,0.1908,0.0364,0.4857,0.7331,0.3985,0.0748,0.3194
MOD13A3_006__1_km_monthly_NDVI_doy2007001_aid0001,_1_km_monthly_NDVI,aid0001,2007-01-01,1032.0,-0.0766,0.7586,"(-0.0766,0.7586)",0.3388,0.1741,0.0303,0.4349,0.6583,0.3464,0.0678,0.286
MOD13A3_006__1_km_monthly_NDVI_doy2007032_aid0001,_1_km_monthly_NDVI,aid0001,2007-02-01,1033.0,-0.0536,0.7637,"(-0.0536,0.7637)",0.3388,0.1747,0.0305,0.4348,0.6618,0.3457,0.0505,0.2803
MOD13A3_006__1_km_monthly_NDVI_doy2007060_aid0001,_1_km_monthly_NDVI,aid0001,2007-03-01,1033.0,-0.0519,0.8879,"(-0.0519,0.8879)",0.3243,0.1774,0.0315,0.422,0.656,0.3514,0.0327,0.266
MOD13A3_006__1_km_monthly_NDVI_doy2007091_aid0001,_1_km_monthly_NDVI,aid0001,2007-04-01,1035.0,-0.0349,0.759,"(-0.0349,0.759)",0.4639,0.1662,0.0276,0.564,0.759,0.4924,0.2395,0.4276
MOD13A3_006__1_km_monthly_NDVI_doy2007121_aid0001,_1_km_monthly_NDVI,aid0001,2007-05-01,1035.0,-0.007,0.81,"(-0.007,0.81)",0.5475,0.1347,0.0181,0.6403,0.81,0.553,0.2706,0.4832
MOD13A3_006__1_km_monthly_NDVI_doy2007152_aid0001,_1_km_monthly_NDVI,aid0001,2007-06-01,1035.0,0.0292,0.8295,"(0.0292,0.8295)",0.59,0.1182,0.014,0.6808,0.8295,0.5962,0.2615,0.5092
MOD13A3_006__1_km_monthly_NDVI_doy2007182_aid0001,_1_km_monthly_NDVI,aid0001,2007-07-01,1035.0,0.1169,0.8765,"(0.1169,0.8765)",0.6882,0.1121,0.0126,0.7744,0.8765,0.7019,0.43,0.6328
MOD13A3_006__1_km_monthly_NDVI_doy2007213_aid0001,_1_km_monthly_NDVI,aid0001,2007-08-01,1035.0,0.1354,0.8212,"(0.1354,0.8212)",0.6553,0.1002,0.01,0.7303,0.8212,0.6693,0.412,0.6026
MOD13A3_006__1_km_monthly_NDVI_doy2007244_aid0001,_1_km_monthly_NDVI,aid0001,2007-09-01,1035.0,0.0766,0.8095,"(0.0766,0.8095)",0.5965,0.1039,0.0108,0.6708,0.8095,0.5954,0.3261,0.5287
MOD13A3_006__1_km_monthly_NDVI_doy2007274_aid0001,_1_km_monthly_NDVI,aid0001,2007-10-01,1035.0,0.1206,0.7498,"(0.1206,0.7498)",0.4947,0.1104,0.0122,0.577,0.7498,0.4805,0.204,0.4217
MOD13A3_006__1_km_monthly_NDVI_doy2007305_aid0001,_1_km_monthly_NDVI,aid0001,2007-11-01,1035.0,0.0677,0.7395,"(0.0677,0.7395)",0.4012,0.1108,0.0123,0.4774,0.7047,0.3732,0.1008,0.3226
MOD13A3_006__1_km_monthly_NDVI_doy2007335_aid0001,_1_km_monthly_NDVI,aid0001,2007-12-01,1035.0,0.0689,0.8755,"(0.0689,0.8755)",0.3962,0.1144,0.0131,0.4692,0.7004,0.3696,0.1159,0.3128
MOD13A3_006__1_km_monthly_NDVI_doy2008001_aid0001,_1_km_monthly_NDVI,aid0001,2008-01-01,1034.0,-0.0656,0.8771,"(-0.0656,0.8771)",0.2787,0.1685,0.0284,0.3702,0.6748,0.292,-0.0656,0.1494
MOD13A3_006__1_km_monthly_NDVI_doy2008032_aid0001,_1_km_monthly_NDVI,aid0001,2008-02-01,1034.0,-0.022,0.8771,"(-0.022,0.8771)",0.2505,0.1402,0.0197,0.3274,0.5513,0.2605,-0.022,0.1744
MOD13A3_006__1_km_monthly_NDVI_doy2008061_aid0001,_1_km_monthly_NDVI,aid0001,2008-03-01,1035.0,-0.0171,0.716,"(-0.0171,0.716)",0.32,0.1417,0.0201,0.3939,0.5654,0.338,0.1108,0.2794
MOD13A3_006__1_km_monthly_NDVI_doy2008092_aid0001,_1_km_monthly_NDVI,aid0001,2008-04-01,1035.0,-0.033,0.7233,"(-0.033,0.7233)",0.4227,0.1527,0.0233,0.5108,0.6942,0.4587,0.1938,0.384
MOD13A3_006__1_km_monthly_NDVI_doy2008122_aid0001,_1_km_monthly_NDVI,aid0001,2008-05-01,1035.0,-0.0229,0.7484,"(-0.0229,0.7484)",0.5084,0.1309,0.0171,0.5898,0.7484,0.5238,0.2744,0.461
MOD13A3_006__1_km_monthly_NDVI_doy2008153_aid0001,_1_km_monthly_NDVI,aid0001,2008-06-01,1035.0,0.0402,0.8327,"(0.0402,0.8327)",0.6388,0.1199,0.0144,0.7205,0.8327,0.6604,0.3945,0.5894
MOD13A3_006__1_km_monthly_NDVI_doy2008183_aid0001,_1_km_monthly_NDVI,aid0001,2008-07-01,1035.0,0.1079,0.8438,"(0.1079,0.8438)",0.6828,0.1124,0.0126,0.7625,0.8438,0.7069,0.4541,0.6366
MOD13A3_006__1_km_monthly_NDVI_doy2008214_aid0001,_1_km_monthly_NDVI,aid0001,2008-08-01,1035.0,0.1303,0.8069,"(0.1303,0.8069)",0.6637,0.0898,0.0081,0.7254,0.8069,0.6773,0.47,0.6226
MOD13A3_006__1_km_monthly_NDVI_doy2008245_aid0001,_1_km_monthly_NDVI,aid0001,2008-09-01,1035.0,0.0808,0.8062,"(0.0808,0.8062)",0.5983,0.0989,0.0098,0.671,0.8062,0.5989,0.3305,0.5344
MOD13A3_006__1_km_monthly_NDVI_doy2008275_aid0001,_1_km_monthly_NDVI,aid0001,2008-10-01,1035.0,0.0808,0.7625,"(0.0808,0.7625)",0.4945,0.1039,0.0108,0.5646,0.7625,0.4824,0.2292,0.427
MOD13A3_006__1_km_monthly_NDVI_doy2008306_aid0001,_1_km_monthly_NDVI,aid0001,2008-11-01,1035.0,-0.0134,0.7416,"(-0.0134,0.7416)",0.4391,0.1284,0.0165,0.5213,0.7416,0.4249,0.1494,0.369
MOD13A3_006__1_km_monthly_NDVI_doy2008336_aid0001,_1_km_monthly_NDVI,aid0001,2008-12-01,1035.0,-0.0302,1.0,"(-0.0302,1.0)",0.3988,0.1636,0.0268,0.501,0.7617,0.383,0.0635,0.325
MOD13A3_006__1_km_monthly_NDVI_doy2009001_aid0001,_1_km_monthly_NDVI,aid0001,2009-01-01,1032.0,-0.0659,0.8832,"(-0.0659,0.8832)",0.339,0.1778,0.0316,0.4414,0.6719,0.3499,0.0394,0.279
MOD13A3_006__1_km_monthly_NDVI_doy2009032_aid0001,_1_km_monthly_NDVI,aid0001,2009-02-01,1034.0,-0.0546,0.7892,"(-0.0546,0.7892)",0.3119,0.1678,0.0282,0.4065,0.646,0.329,0.0062,0.2462
MOD13A3_006__1_km_monthly_NDVI_doy2009060_aid0001,_1_km_monthly_NDVI,aid0001,2009-03-01,1035.0,-0.0371,0.778,"(-0.0371,0.778)",0.3397,0.16,0.0256,0.4326,0.6297,0.3619,0.093,0.2964
MOD13A3_006__1_km_monthly_NDVI_doy2009091_aid0001,_1_km_monthly_NDVI,aid0001,2009-04-01,1035.0,-0.0471,0.7195,"(-0.0471,0.7195)",0.4266,0.1884,0.0355,0.538,0.7195,0.4767,0.2314,0.403
MOD13A3_006__1_km_monthly_NDVI_doy2009121_aid0001,_1_km_monthly_NDVI,aid0001,2009-05-01,1035.0,-0.0297,0.7864,"(-0.0297,0.7864)",0.505,0.1574,0.0248,0.5988,0.7864,0.5302,0.2612,0.462
MOD13A3_006__1_km_monthly_NDVI_doy2009152_aid0001,_1_km_monthly_NDVI,aid0001,2009-06-01,1035.0,-0.0157,0.8181,"(-0.0157,0.8181)",0.5657,0.1516,0.023,0.6707,0.8181,0.5892,0.2439,0.4998
MOD13A3_006__1_km_monthly_NDVI_doy2009182_aid0001,_1_km_monthly_NDVI,aid0001,2009-07-01,1035.0,0.0369,0.8411,"(0.0369,0.8411)",0.606,0.1354,0.0183,0.7102,0.8411,0.6313,0.2688,0.5258
MOD13A3_006__1_km_monthly_NDVI_doy2009213_aid0001,_1_km_monthly_NDVI,aid0001,2009-08-01,1035.0,0.0618,0.8519,"(0.0618,0.8519)",0.6609,0.1064,0.0113,0.7331,0.8519,0.6694,0.4138,0.6044
MOD13A3_006__1_km_monthly_NDVI_doy2009244_aid0001,_1_km_monthly_NDVI,aid0001,2009-09-01,1035.0,0.0618,0.8121,"(0.0618,0.8121)",0.6255,0.0992,0.0098,0.6969,0.8121,0.6322,0.3668,0.5644
MOD13A3_006__1_km_monthly_NDVI_doy2009274_aid0001,_1_km_monthly_NDVI,aid0001,2009-10-01,1035.0,-0.0042,0.7633,"(-0.0042,0.7633)",0.5051,0.1127,0.0127,0.5852,0.7633,0.4862,0.2177,0.4322
MOD13A3_006__1_km_monthly_NDVI_doy2009305_aid0001,_1_km_monthly_NDVI,aid0001,2009-11-01,1035.0,-0.0494,0.7936,"(-0.0494,0.7936)",0.4159,0.1282,0.0164,0.495,0.7048,0.404,0.2109,0.3441
MOD13A3_006__1_km_monthly_NDVI_doy2009335_aid0001,_1_km_monthly_NDVI,aid0001,2009-12-01,1035.0,-0.0524,0.8939,"(-0.0524,0.8939)",0.3762,0.1558,0.0243,0.4658,0.7,0.3676,0.0706,0.3071
MOD13A3_006__1_km_monthly_NDVI_doy2010001_aid0001,_1_km_monthly_NDVI,aid0001,2010-01-01,1035.0,-0.0716,0.9889,"(-0.0716,0.9889)",0.3571,0.1813,0.0329,0.4658,0.7416,0.3321,0.0089,0.2814
MOD13A3_006__1_km_monthly_NDVI_doy2010032_aid0001,_1_km_monthly_NDVI,aid0001,2010-02-01,1034.0,-0.0542,0.7935,"(-0.0542,0.7935)",0.3106,0.1695,0.0287,0.4086,0.6478,0.3167,0.0103,0.2483
MOD13A3_006__1_km_monthly_NDVI_doy2010060_aid0001,_1_km_monthly_NDVI,aid0001,2010-03-01,1035.0,-0.0206,0.7536,"(-0.0206,0.7536)",0.3776,0.175,0.0306,0.4849,0.7139,0.4028,0.0971,0.3297
MOD13A3_006__1_km_monthly_NDVI_doy2010091_aid0001,_1_km_monthly_NDVI,aid0001,2010-04-01,1035.0,-0.0178,0.7274,"(-0.0178,0.7274)",0.4756,0.1632,0.0266,0.5766,0.7274,0.5146,0.2584,0.448
MOD13A3_006__1_km_monthly_NDVI_doy2010121_aid0001,_1_km_monthly_NDVI,aid0001,2010-05-01,1035.0,-0.026,0.7935,"(-0.026,0.7935)",0.543,0.1483,0.022,0.6368,0.7935,0.5685,0.2609,0.4824
MOD13A3_006__1_km_monthly_NDVI_doy2010152_aid0001,_1_km_monthly_NDVI,aid0001,2010-06-01,1035.0,0.0031,0.823,"(0.0031,0.823)",0.5822,0.1347,0.0181,0.6798,0.823,0.6039,0.2742,0.5106
MOD13A3_006__1_km_monthly_NDVI_doy2010182_aid0001,_1_km_monthly_NDVI,aid0001,2010-07-01,1035.0,0.0395,0.8434,"(0.0395,0.8434)",0.6345,0.1109,0.0123,0.7131,0.8434,0.6548,0.3869,0.5825
MOD13A3_006__1_km_monthly_NDVI_doy2010213_aid0001,_1_km_monthly_NDVI,aid0001,2010-08-01,1035.0,0.0924,0.8422,"(0.0924,0.8422)",0.698,0.0876,0.0077,0.7545,0.8422,0.72,0.5346,0.666
MOD13A3_006__1_km_monthly_NDVI_doy2010244_aid0001,_1_km_monthly_NDVI,aid0001,2010-09-01,1035.0,0.0388,0.8363,"(0.0388,0.8363)",0.6663,0.0903,0.0081,0.7246,0.8363,0.6844,0.5001,0.6302
MOD13A3_006__1_km_monthly_NDVI_doy2010274_aid0001,_1_km_monthly_NDVI,aid0001,2010-10-01,1035.0,0.0554,0.7586,"(0.0554,0.7586)",0.5321,0.1062,0.0113,0.6082,0.7586,0.5238,0.2708,0.4674
MOD13A3_006__1_km_monthly_NDVI_doy2010305_aid0001,_1_km_monthly_NDVI,aid0001,2010-11-01,1035.0,0.0208,0.7339,"(0.0208,0.7339)",0.4559,0.1081,0.0117,0.5264,0.7085,0.4371,0.1872,0.389
MOD13A3_006__1_km_monthly_NDVI_doy2010335_aid0001,_1_km_monthly_NDVI,aid0001,2010-12-01,1035.0,0.0097,0.7187,"(0.0097,0.7187)",0.398,0.1106,0.0122,0.4666,0.679,0.3697,0.1357,0.3241
MOD13A3_006__1_km_monthly_NDVI_doy2011001_aid0001,_1_km_monthly_NDVI,aid0001,2011-01-01,1030.0,-0.0733,0.771,"(-0.0733,0.771)",0.3311,0.1592,0.0253,0.4256,0.6519,0.3303,0.0476,0.2741
MOD13A3_006__1_km_monthly_NDVI_doy2011032_aid0001,_1_km_monthly_NDVI,aid0001,2011-02-01,1035.0,-0.0583,0.848,"(-0.0583,0.848)",0.3121,0.162,0.0262,0.3996,0.6056,0.3208,0.0535,0.2606
MOD13A3_006__1_km_monthly_NDVI_doy2011060_aid0001,_1_km_monthly_NDVI,aid0001,2011-03-01,1035.0,-0.0257,0.7621,"(-0.0257,0.7621)",0.314,0.1635,0.0267,0.4083,0.6222,0.3289,0.0486,0.2642
MOD13A3_006__1_km_monthly_NDVI_doy2011091_aid0001,_1_km_monthly_NDVI,aid0001,2011-04-01,1035.0,-0.0311,0.763,"(-0.0311,0.763)",0.4087,0.1697,0.0288,0.5101,0.7104,0.4405,0.1568,0.3681
MOD13A3_006__1_km_monthly_NDVI_doy2011121_aid0001,_1_km_monthly_NDVI,aid0001,2011-05-01,1035.0,0.005,0.7549,"(0.005,0.7549)",0.5338,0.133,0.0177,0.6171,0.7549,0.5511,0.3077,0.4929
MOD13A3_006__1_km_monthly_NDVI_doy2011152_aid0001,_1_km_monthly_NDVI,aid0001,2011-06-01,1035.0,0.0237,0.8234,"(0.0237,0.8234)",0.584,0.1296,0.0168,0.6778,0.8234,0.6035,0.2573,0.503
MOD13A3_006__1_km_monthly_NDVI_doy2011182_aid0001,_1_km_monthly_NDVI,aid0001,2011-07-01,1035.0,0.1032,0.8211,"(0.1032,0.8211)",0.6446,0.0998,0.01,0.7233,0.8211,0.6549,0.3909,0.5901
MOD13A3_006__1_km_monthly_NDVI_doy2011213_aid0001,_1_km_monthly_NDVI,aid0001,2011-08-01,1035.0,0.1555,0.863,"(0.1555,0.863)",0.6771,0.1026,0.0105,0.7482,0.863,0.6957,0.4497,0.628
MOD13A3_006__1_km_monthly_NDVI_doy2011244_aid0001,_1_km_monthly_NDVI,aid0001,2011-09-01,1035.0,0.1244,0.8376,"(0.1244,0.8376)",0.6519,0.101,0.0102,0.7184,0.8376,0.6666,0.4275,0.6019
MOD13A3_006__1_km_monthly_NDVI_doy2011274_aid0001,_1_km_monthly_NDVI,aid0001,2011-10-01,1035.0,0.1089,0.8116,"(0.1089,0.8116)",0.5472,0.1069,0.0114,0.6181,0.8116,0.5376,0.2855,0.4836
MOD13A3_006__1_km_monthly_NDVI_doy2011305_aid0001,_1_km_monthly_NDVI,aid0001,2011-11-01,1035.0,-0.0392,0.8063,"(-0.0392,0.8063)",0.4585,0.1598,0.0255,0.5553,0.7544,0.4632,0.1747,0.3998
MOD13A3_006__1_km_monthly_NDVI_doy2011335_aid0001,_1_km_monthly_NDVI,aid0001,2011-12-01,1035.0,-0.0405,0.899,"(-0.0405,0.899)",0.4152,0.1501,0.0225,0.5118,0.761,0.4028,0.1117,0.3433
MOD13A3_006__1_km_monthly_NDVI_doy2012001_aid0001,_1_km_monthly_NDVI,aid0001,2012-01-01,1029.0,-0.0638,0.9463,"(-0.0638,0.9463)",0.3423,0.1759,0.0309,0.4472,0.7023,0.3447,0.022,0.2765
MOD13A3_006__1_km_monthly_NDVI_doy2012032_aid0001,_1_km_monthly_NDVI,aid0001,2012-02-01,1031.0,-0.075,0.8373,"(-0.075,0.8373)",0.2908,0.1633,0.0267,0.3677,0.5977,0.3,-0.0202,0.2124
MOD13A3_006__1_km_monthly_NDVI_doy2012061_aid0001,_1_km_monthly_NDVI,aid0001,2012-03-01,1035.0,-0.0204,0.7747,"(-0.0204,0.7747)",0.3184,0.1555,0.0242,0.4043,0.6137,0.3324,0.0538,0.2624
MOD13A3_006__1_km_monthly_NDVI_doy2012092_aid0001,_1_km_monthly_NDVI,aid0001,2012-04-01,1035.0,-0.0204,0.7585,"(-0.0204,0.7585)",0.4352,0.1791,0.0321,0.5508,0.7585,0.4815,0.1678,0.396
MOD13A3_006__1_km_monthly_NDVI_doy2012122_aid0001,_1_km_monthly_NDVI,aid0001,2012-05-01,1035.0,-0.0393,0.8401,"(-0.0393,0.8401)",0.5337,0.1603,0.0257,0.6284,0.7795,0.5681,0.3087,0.4998
MOD13A3_006__1_km_monthly_NDVI_doy2012153_aid0001,_1_km_monthly_NDVI,aid0001,2012-06-01,1035.0,0.0202,0.8272,"(0.0202,0.8272)",0.5758,0.1409,0.0198,0.6846,0.8272,0.5957,0.1879,0.4845
MOD13A3_006__1_km_monthly_NDVI_doy2012183_aid0001,_1_km_monthly_NDVI,aid0001,2012-07-01,1035.0,0.07,0.842,"(0.07,0.842)",0.6194,0.1257,0.0158,0.7197,0.842,0.6401,0.2634,0.5342
MOD13A3_006__1_km_monthly_NDVI_doy2012214_aid0001,_1_km_monthly_NDVI,aid0001,2012-08-01,1035.0,0.07,0.8482,"(0.07,0.8482)",0.6753,0.1002,0.01,0.7498,0.8482,0.688,0.4392,0.6183
MOD13A3_006__1_km_monthly_NDVI_doy2012245_aid0001,_1_km_monthly_NDVI,aid0001,2012-09-01,1035.0,0.0739,0.8338,"(0.0739,0.8338)",0.6655,0.0975,0.0095,0.7336,0.8338,0.6803,0.4454,0.6183
MOD13A3_006__1_km_monthly_NDVI_doy2012275_aid0001,_1_km_monthly_NDVI,aid0001,2012-10-01,1035.0,-0.0081,0.7645,"(-0.0081,0.7645)",0.5665,0.0979,0.0096,0.6335,0.7645,0.564,0.3476,0.5141
MOD13A3_006__1_km_monthly_NDVI_doy2012306_aid0001,_1_km_monthly_NDVI,aid0001,2012-11-01,1035.0,-0.0391,0.8144,"(-0.0391,0.8144)",0.4685,0.1372,0.0188,0.5548,0.7314,0.4659,0.1862,0.407
MOD13A3_006__1_km_monthly_NDVI_doy2012336_aid0001,_1_km_monthly_NDVI,aid0001,2012-12-01,1035.0,-0.0327,0.9525,"(-0.0327,0.9525)",0.4337,0.1645,0.0271,0.5435,0.8181,0.42,0.0653,0.3517
MOD13A3_006__1_km_monthly_NDVI_doy2013001_aid0001,_1_km_monthly_NDVI,aid0001,2013-01-01,1034.0,-0.0738,0.9765,"(-0.0738,0.9765)",0.3383,0.1744,0.0304,0.4322,0.6634,0.3534,0.0475,0.2776
MOD13A3_006__1_km_monthly_NDVI_doy2013032_aid0001,_1_km_monthly_NDVI,aid0001,2013-02-01,1034.0,-0.0476,0.9765,"(-0.0476,0.9765)",0.3427,0.1796,0.0322,0.4397,0.6872,0.3551,0.0269,0.2741
MOD13A3_006__1_km_monthly_NDVI_doy2013060_aid0001,_1_km_monthly_NDVI,aid0001,2013-03-01,1035.0,-0.0696,0.7789,"(-0.0696,0.7789)",0.3667,0.1822,0.0332,0.4668,0.6894,0.4001,0.1013,0.318
MOD13A3_006__1_km_monthly_NDVI_doy2013091_aid0001,_1_km_monthly_NDVI,aid0001,2013-04-01,1035.0,-0.0484,0.7436,"(-0.0484,0.7436)",0.4492,0.1808,0.0327,0.5548,0.7146,0.5012,0.2525,0.4301
MOD13A3_006__1_km_monthly_NDVI_doy2013121_aid0001,_1_km_monthly_NDVI,aid0001,2013-05-01,1035.0,-0.0065,0.8088,"(-0.0065,0.8088)",0.5444,0.1414,0.02,0.6255,0.8088,0.5662,0.3104,0.4991
MOD13A3_006__1_km_monthly_NDVI_doy2013152_aid0001,_1_km_monthly_NDVI,aid0001,2013-06-01,1035.0,0.0256,0.822,"(0.0256,0.822)",0.6273,0.1272,0.0162,0.7176,0.822,0.6569,0.3334,0.5632
MOD13A3_006__1_km_monthly_NDVI_doy2013182_aid0001,_1_km_monthly_NDVI,aid0001,2013-07-01,1035.0,0.1807,0.8572,"(0.1807,0.8572)",0.6895,0.0995,0.0099,0.7641,0.8572,0.7103,0.4482,0.6375
MOD13A3_006__1_km_monthly_NDVI_doy2013213_aid0001,_1_km_monthly_NDVI,aid0001,2013-08-01,1035.0,0.0599,0.871,"(0.0599,0.871)",0.7045,0.1089,0.0119,0.7745,0.871,0.7311,0.491,0.6602
MOD13A3_006__1_km_monthly_NDVI_doy2013244_aid0001,_1_km_monthly_NDVI,aid0001,2013-09-01,1035.0,0.1058,0.8349,"(0.1058,0.8349)",0.6791,0.1012,0.0102,0.7452,0.8349,0.6977,0.475,0.6369
MOD13A3_006__1_km_monthly_NDVI_doy2013274_aid0001,_1_km_monthly_NDVI,aid0001,2013-10-01,1035.0,0.0892,0.8148,"(0.0892,0.8148)",0.5665,0.1132,0.0128,0.6468,0.8148,0.562,0.2762,0.4983
MOD13A3_006__1_km_monthly_NDVI_doy2013305_aid0001,_1_km_monthly_NDVI,aid0001,2013-11-01,1035.0,-0.0445,0.8644,"(-0.0445,0.8644)",0.4667,0.1615,0.0261,0.5655,0.7793,0.4743,0.1729,0.4024
MOD13A3_006__1_km_monthly_NDVI_doy2013335_aid0001,_1_km_monthly_NDVI,aid0001,2013-12-01,1035.0,-0.0381,0.8795,"(-0.0381,0.8795)",0.4192,0.1501,0.0225,0.5166,0.7649,0.405,0.0925,0.3436
MOD13A3_006__1_km_monthly_NDVI_doy2014001_aid0001,_1_km_monthly_NDVI,aid0001,2014-01-01,1031.0,-0.0608,0.8852,"(-0.0608,0.8852)",0.3482,0.174,0.0303,0.456,0.7071,0.3575,0.0288,0.2842
MOD13A3_006__1_km_monthly_NDVI_doy2014032_aid0001,_1_km_monthly_NDVI,aid0001,2014-02-01,1035.0,-0.0452,0.8852,"(-0.0452,0.8852)",0.3417,0.1719,0.0295,0.438,0.6874,0.3505,0.0238,0.2715
MOD13A3_006__1_km_monthly_NDVI_doy2014060_aid0001,_1_km_monthly_NDVI,aid0001,2014-03-01,1035.0,-0.0452,0.8307,"(-0.0452,0.8307)",0.3375,0.1795,0.0322,0.4306,0.6721,0.3564,0.0281,0.2696
MOD13A3_006__1_km_monthly_NDVI_doy2014091_aid0001,_1_km_monthly_NDVI,aid0001,2014-04-01,1035.0,-0.0589,0.8193,"(-0.0589,0.8193)",0.4129,0.1894,0.0359,0.5258,0.7549,0.456,0.1475,0.3719
MOD13A3_006__1_km_monthly_NDVI_doy2014121_aid0001,_1_km_monthly_NDVI,aid0001,2014-05-01,1035.0,-0.0282,0.7728,"(-0.0282,0.7728)",0.5327,0.1651,0.0273,0.6272,0.7728,0.5687,0.3206,0.501
MOD13A3_006__1_km_monthly_NDVI_doy2014152_aid0001,_1_km_monthly_NDVI,aid0001,2014-06-01,1035.0,0.018,0.8491,"(0.018,0.8491)",0.568,0.1426,0.0203,0.6668,0.8491,0.5886,0.2851,0.5042
MOD13A3_006__1_km_monthly_NDVI_doy2014182_aid0001,_1_km_monthly_NDVI,aid0001,2014-07-01,1035.0,0.0866,0.8475,"(0.0866,0.8475)",0.6566,0.1163,0.0135,0.7454,0.8475,0.6764,0.3844,0.6008
MOD13A3_006__1_km_monthly_NDVI_doy2014213_aid0001,_1_km_monthly_NDVI,aid0001,2014-08-01,1035.0,0.0932,0.8403,"(0.0932,0.8403)",0.6882,0.0939,0.0088,0.7546,0.8403,0.7044,0.4712,0.6397
MOD13A3_006__1_km_monthly_NDVI_doy2014244_aid0001,_1_km_monthly_NDVI,aid0001,2014-09-01,1035.0,0.0949,0.8485,"(0.0949,0.8485)",0.6626,0.1046,0.0109,0.7348,0.8485,0.6762,0.4337,0.6138
MOD13A3_006__1_km_monthly_NDVI_doy2014274_aid0001,_1_km_monthly_NDVI,aid0001,2014-10-01,1035.0,-0.0623,0.8078,"(-0.0623,0.8078)",0.5819,0.1166,0.0136,0.658,0.8078,0.5847,0.3467,0.5327
MOD13A3_006__1_km_monthly_NDVI_doy2014305_aid0001,_1_km_monthly_NDVI,aid0001,2014-11-01,1035.0,-0.037,0.8597,"(-0.037,0.8597)",0.503,0.155,0.024,0.5967,0.775,0.5122,0.237,0.4524
MOD13A3_006__1_km_monthly_NDVI_doy2014335_aid0001,_1_km_monthly_NDVI,aid0001,2014-12-01,1035.0,-0.0418,0.8611,"(-0.0418,0.8611)",0.4319,0.1482,0.022,0.5281,0.7852,0.4113,0.1228,0.3558
MOD13A3_006__1_km_monthly_NDVI_doy2015001_aid0001,_1_km_monthly_NDVI,aid0001,2015-01-01,1035.0,-0.0431,0.7781,"(-0.0431,0.7781)",0.3937,0.1614,0.026,0.4985,0.764,0.3776,0.0442,0.3151
MOD13A3_006__1_km_monthly_NDVI_doy2015032_aid0001,_1_km_monthly_NDVI,aid0001,2015-02-01,1032.0,-0.0388,0.8627,"(-0.0388,0.8627)",0.3629,0.1776,0.0315,0.4624,0.7117,0.3632,0.0414,0.2932
MOD13A3_006__1_km_monthly_NDVI_doy2015060_aid0001,_1_km_monthly_NDVI,aid0001,2015-03-01,1032.0,-0.0602,0.8169,"(-0.0602,0.8169)",0.3427,0.1824,0.0333,0.4499,0.7019,0.3651,0.0278,0.281
MOD13A3_006__1_km_monthly_NDVI_doy2015091_aid0001,_1_km_monthly_NDVI,aid0001,2015-04-01,1035.0,-0.0518,0.8374,"(-0.0518,0.8374)",0.4446,0.185,0.0342,0.5502,0.7543,0.4848,0.2016,0.4097
MOD13A3_006__1_km_monthly_NDVI_doy2015121_aid0001,_1_km_monthly_NDVI,aid0001,2015-05-01,1035.0,-0.0409,0.7976,"(-0.0409,0.7976)",0.5741,0.1598,0.0255,0.6699,0.7976,0.6079,0.3356,0.536
MOD13A3_006__1_km_monthly_NDVI_doy2015152_aid0001,_1_km_monthly_NDVI,aid0001,2015-06-01,1035.0,0.0066,0.8697,"(0.0066,0.8697)",0.6133,0.1384,0.0192,0.7128,0.8697,0.6286,0.2875,0.5396
MOD13A3_006__1_km_monthly_NDVI_doy2015182_aid0001,_1_km_monthly_NDVI,aid0001,2015-07-01,1035.0,0.0527,0.8886,"(0.0527,0.8886)",0.6725,0.1178,0.0139,0.7557,0.8886,0.6942,0.4198,0.6196
MOD13A3_006__1_km_monthly_NDVI_doy2015213_aid0001,_1_km_monthly_NDVI,aid0001,2015-08-01,1035.0,0.1397,0.8636,"(0.1397,0.8636)",0.729,0.086,0.0074,0.7882,0.8636,0.7482,0.5446,0.6891
MOD13A3_006__1_km_monthly_NDVI_doy2015244_aid0001,_1_km_monthly_NDVI,aid0001,2015-09-01,1035.0,0.1397,0.8333,"(0.1397,0.8333)",0.6281,0.101,0.0102,0.7008,0.8333,0.627,0.3656,0.5644
MOD13A3_006__1_km_monthly_NDVI_doy2015274_aid0001,_1_km_monthly_NDVI,aid0001,2015-10-01,1035.0,-0.0384,0.8027,"(-0.0384,0.8027)",0.5602,0.1222,0.0149,0.6391,0.8027,0.56,0.2995,0.5029
MOD13A3_006__1_km_monthly_NDVI_doy2015305_aid0001,_1_km_monthly_NDVI,aid0001,2015-11-01,1035.0,-0.068,0.8934,"(-0.068,0.8934)",0.4561,0.2076,0.0431,0.5709,0.7879,0.4942,0.2082,0.4249
MOD13A3_006__1_km_monthly_NDVI_doy2015335_aid0001,_1_km_monthly_NDVI,aid0001,2015-12-01,1035.0,-0.059,0.923,"(-0.059,0.923)",0.4302,0.1996,0.0398,0.5484,0.7967,0.448,0.1251,0.3768
MOD13A3_006__1_km_monthly_NDVI_doy2016001_aid0001,_1_km_monthly_NDVI,aid0001,2016-01-01,1033.0,-0.1003,0.9718,"(-0.1003,0.9718)",0.3873,0.1941,0.0377,0.4905,0.7337,0.3955,0.0864,0.3277
MOD13A3_006__1_km_monthly_NDVI_doy2016032_aid0001,_1_km_monthly_NDVI,aid0001,2016-02-01,1033.0,-0.0346,0.9569,"(-0.0346,0.9569)",0.3979,0.1934,0.0374,0.5104,0.7789,0.3985,0.0617,0.3308
MOD13A3_006__1_km_monthly_NDVI_doy2016061_aid0001,_1_km_monthly_NDVI,aid0001,2016-03-01,1035.0,-0.0358,0.8011,"(-0.0358,0.8011)",0.399,0.18,0.0324,0.5,0.7149,0.4253,0.1401,0.3554
MOD13A3_006__1_km_monthly_NDVI_doy2016092_aid0001,_1_km_monthly_NDVI,aid0001,2016-04-01,1035.0,-0.0593,0.8094,"(-0.0593,0.8094)",0.4945,0.1878,0.0353,0.5968,0.7794,0.539,0.2775,0.4679
MOD13A3_006__1_km_monthly_NDVI_doy2016122_aid0001,_1_km_monthly_NDVI,aid0001,2016-05-01,1035.0,-0.0099,0.8233,"(-0.0099,0.8233)",0.563,0.1534,0.0235,0.6654,0.8233,0.5881,0.2716,0.505
MOD13A3_006__1_km_monthly_NDVI_doy2016153_aid0001,_1_km_monthly_NDVI,aid0001,2016-06-01,1035.0,0.0291,0.8458,"(0.0291,0.8458)",0.6284,0.1381,0.0191,0.7323,0.8458,0.6507,0.2878,0.5539
MOD13A3_006__1_km_monthly_NDVI_doy2016183_aid0001,_1_km_monthly_NDVI,aid0001,2016-07-01,1035.0,0.1002,0.8986,"(0.1002,0.8986)",0.6761,0.1166,0.0136,0.7621,0.8986,0.6921,0.4081,0.62
MOD13A3_006__1_km_monthly_NDVI_doy2016214_aid0001,_1_km_monthly_NDVI,aid0001,2016-08-01,1035.0,0.1271,0.8681,"(0.1271,0.8681)",0.6855,0.0991,0.0098,0.7581,0.8681,0.701,0.444,0.6312
MOD13A3_006__1_km_monthly_NDVI_doy2016245_aid0001,_1_km_monthly_NDVI,aid0001,2016-09-01,1035.0,0.1496,0.844,"(0.1496,0.844)",0.6515,0.1017,0.0103,0.7248,0.844,0.6602,0.4201,0.5958
MOD13A3_006__1_km_monthly_NDVI_doy2016275_aid0001,_1_km_monthly_NDVI,aid0001,2016-10-01,1035.0,0.1427,0.7873,"(0.1427,0.7873)",0.5097,0.1113,0.0124,0.592,0.7873,0.4944,0.2275,0.4354
MOD13A3_006__1_km_monthly_NDVI_doy2016306_aid0001,_1_km_monthly_NDVI,aid0001,2016-11-01,1035.0,0.0449,0.7132,"(0.0449,0.7132)",0.4272,0.1128,0.0127,0.5065,0.7132,0.4023,0.1121,0.3458
MOD13A3_006__1_km_monthly_NDVI_doy2016336_aid0001,_1_km_monthly_NDVI,aid0001,2016-12-01,1035.0,0.0115,0.8121,"(0.0115,0.8121)",0.4146,0.1301,0.0169,0.5098,0.7773,0.3799,0.0639,0.3249
MOD13A3_006__1_km_monthly_NDVI_doy2017001_aid0001,_1_km_monthly_NDVI,aid0001,2017-01-01,1029.0,-0.0767,0.7663,"(-0.0767,0.7663)",0.2971,0.1797,0.0323,0.3986,0.7314,0.3095,-0.0767,0.1699
MOD13A3_006__1_km_monthly_NDVI_doy2017032_aid0001,_1_km_monthly_NDVI,aid0001,2017-02-01,1031.0,-0.0423,0.8804,"(-0.0423,0.8804)",0.3336,0.1804,0.0325,0.4361,0.696,0.3374,-0.0056,0.259
MOD13A3_006__1_km_monthly_NDVI_doy2017060_aid0001,_1_km_monthly_NDVI,aid0001,2017-03-01,1035.0,-0.0261,0.8539,"(-0.0261,0.8539)",0.3642,0.1788,0.032,0.4631,0.6947,0.3907,0.0765,0.3082
MOD13A3_006__1_km_monthly_NDVI_doy2017091_aid0001,_1_km_monthly_NDVI,aid0001,2017-04-01,1035.0,-0.022,0.8071,"(-0.022,0.8071)",0.4513,0.1767,0.0312,0.5506,0.7407,0.4902,0.2225,0.4192
MOD13A3_006__1_km_monthly_NDVI_doy2017121_aid0001,_1_km_monthly_NDVI,aid0001,2017-05-01,1035.0,-0.0205,0.8136,"(-0.0205,0.8136)",0.5566,0.144,0.0207,0.6451,0.8136,0.5774,0.3305,0.5187
MOD13A3_006__1_km_monthly_NDVI_doy2017152_aid0001,_1_km_monthly_NDVI,aid0001,2017-06-01,1035.0,0.0476,0.8533,"(0.0476,0.8533)",0.6033,0.1335,0.0178,0.7006,0.8533,0.624,0.2712,0.5258
MOD13A3_006__1_km_monthly_NDVI_doy2017182_aid0001,_1_km_monthly_NDVI,aid0001,2017-07-01,1035.0,0.0437,0.8506,"(0.0437,0.8506)",0.6563,0.1108,0.0123,0.737,0.8506,0.6717,0.3955,0.5993
MOD13A3_006__1_km_monthly_NDVI_doy2017213_aid0001,_1_km_monthly_NDVI,aid0001,2017-08-01,1035.0,0.1101,0.8449,"(0.1101,0.8449)",0.6858,0.0955,0.0091,0.7543,0.8449,0.7038,0.4396,0.6281
MOD13A3_006__1_km_monthly_NDVI_doy2017244_aid0001,_1_km_monthly_NDVI,aid0001,2017-09-01,1035.0,0.0769,0.8305,"(0.0769,0.8305)",0.6318,0.1062,0.0113,0.7092,0.8305,0.6407,0.3598,0.566
MOD13A3_006__1_km_monthly_NDVI_doy2017274_aid0001,_1_km_monthly_NDVI,aid0001,2017-10-01,1035.0,0.093,0.7668,"(0.093,0.7668)",0.4792,0.1021,0.0104,0.5428,0.7346,0.4667,0.2237,0.4133
MOD13A3_006__1_km_monthly_NDVI_doy2017305_aid0001,_1_km_monthly_NDVI,aid0001,2017-11-01,1035.0,0.0917,0.8421,"(0.0917,0.8421)",0.4183,0.1034,0.0107,0.4836,0.6841,0.3978,0.1554,0.3474
MOD13A3_006__1_km_monthly_NDVI_doy2017335_aid0001,_1_km_monthly_NDVI,aid0001,2017-12-01,1035.0,-0.0406,0.8514,"(-0.0406,0.8514)",0.3969,0.1592,0.0253,0.5026,0.7623,0.3821,0.0296,0.3124
MOD13A3_006__1_km_monthly_NDVI_doy2018001_aid0001,_1_km_monthly_NDVI,aid0001,2018-01-01,1035.0,-0.0446,0.8594,"(-0.0446,0.8594)",0.3789,0.172,0.0296,0.4921,0.7649,0.3646,0.017,0.3017
MOD13A3_006__1_km_monthly_NDVI_doy2018032_aid0001,_1_km_monthly_NDVI,aid0001,2018-02-01,1035.0,-0.0351,0.8618,"(-0.0351,0.8618)",0.3624,0.1615,0.0261,0.466,0.7306,0.3501,0.0253,0.2888
MOD13A3_006__1_km_monthly_NDVI_doy2018060_aid0001,_1_km_monthly_NDVI,aid0001,2018-03-01,1035.0,-0.0364,0.7859,"(-0.0364,0.7859)",0.3801,0.1524,0.0232,0.4629,0.6575,0.3949,0.1432,0.3329
MOD13A3_006__1_km_monthly_NDVI_doy2018091_aid0001,_1_km_monthly_NDVI,aid0001,2018-04-01,1035.0,-0.0451,0.7587,"(-0.0451,0.7587)",0.4749,0.1649,0.0272,0.5697,0.7587,0.5088,0.2468,0.44
MOD13A3_006__1_km_monthly_NDVI_doy2018121_aid0001,_1_km_monthly_NDVI,aid0001,2018-05-01,1035.0,-0.0407,0.7893,"(-0.0407,0.7893)",0.5516,0.1314,0.0173,0.6325,0.7893,0.5703,0.3193,0.5066
MOD13A3_006__1_km_monthly_NDVI_doy2018152_aid0001,_1_km_monthly_NDVI,aid0001,2018-06-01,1035.0,0.0388,0.8128,"(0.0388,0.8128)",0.6102,0.1201,0.0144,0.7011,0.8128,0.6232,0.3163,0.5464
MOD13A3_006__1_km_monthly_NDVI_doy2018182_aid0001,_1_km_monthly_NDVI,aid0001,2018-07-01,1035.0,0.1216,0.8589,"(0.1216,0.8589)",0.6706,0.1069,0.0114,0.7492,0.8589,0.6882,0.4205,0.6175
MOD13A3_006__1_km_monthly_NDVI_doy2018213_aid0001,_1_km_monthly_NDVI,aid0001,2018-08-01,1035.0,0.1702,0.8567,"(0.1702,0.8567)",0.6893,0.0946,0.0089,0.755,0.8567,0.7101,0.4823,0.6452
MOD13A3_006__1_km_monthly_NDVI_doy2018244_aid0001,_1_km_monthly_NDVI,aid0001,2018-09-01,1035.0,0.0906,0.7996,"(0.0906,0.7996)",0.6261,0.0944,0.0089,0.6959,0.7996,0.634,0.4026,0.5764
MOD13A3_006__1_km_monthly_NDVI_doy2018274_aid0001,_1_km_monthly_NDVI,aid0001,2018-10-01,1035.0,-0.0046,0.7809,"(-0.0046,0.7809)",0.5372,0.1169,0.0137,0.6163,0.7809,0.5317,0.2707,0.4776
MOD13A3_006__1_km_monthly_NDVI_doy2018305_aid0001,_1_km_monthly_NDVI,aid0001,2018-11-01,1035.0,-0.0401,0.8361,"(-0.0401,0.8361)",0.4487,0.1794,0.0322,0.55,0.761,0.4699,0.2,0.407
MOD13A3_006__1_km_monthly_NDVI_doy2018335_aid0001,_1_km_monthly_NDVI,aid0001,2018-12-01,1035.0,-0.038,0.8213,"(-0.038,0.8213)",0.4325,0.1747,0.0305,0.5389,0.767,0.4344,0.1235,0.3716
MOD13A3_006__1_km_monthly_NDVI_doy2019001_aid0001,_1_km_monthly_NDVI,aid0001,2019-01-01,1035.0,-0.0599,0.9184,"(-0.0599,0.9184)",0.2623,0.177,0.0313,0.4035,0.797,0.2927,-0.0599,0.095
MOD13A3_006__1_km_monthly_NDVI_doy2019032_aid0001,_1_km_monthly_NDVI,aid0001,2019-02-01,1035.0,-0.0203,0.9184,"(-0.0203,0.9184)",0.2884,0.1803,0.0325,0.4048,0.797,0.3285,-0.0203,0.1204
MOD13A3_006__1_km_monthly_NDVI_doy2019060_aid0001,_1_km_monthly_NDVI,aid0001,2019-03-01,1031.0,-0.063,0.7559,"(-0.063,0.7559)",0.3354,0.1816,0.033,0.4563,0.7559,0.3802,-0.0459,0.2532
MOD13A3_006__1_km_monthly_NDVI_doy2019091_aid0001,_1_km_monthly_NDVI,aid0001,2019-04-01,1035.0,-0.044,0.8094,"(-0.044,0.8094)",0.4691,0.1766,0.0312,0.5688,0.7525,0.5107,0.2571,0.442
MOD13A3_006__1_km_monthly_NDVI_doy2019121_aid0001,_1_km_monthly_NDVI,aid0001,2019-05-01,1035.0,-0.0298,0.7908,"(-0.0298,0.7908)",0.5621,0.1545,0.0239,0.6524,0.7908,0.5971,0.3571,0.53
MOD13A3_006__1_km_monthly_NDVI_doy2019152_aid0001,_1_km_monthly_NDVI,aid0001,2019-06-01,1035.0,0.0185,0.8326,"(0.0185,0.8326)",0.6087,0.1407,0.0198,0.7101,0.8326,0.6399,0.2739,0.534
MOD13A3_006__1_km_monthly_NDVI_doy2019182_aid0001,_1_km_monthly_NDVI,aid0001,2019-07-01,1035.0,0.0545,0.8762,"(0.0545,0.8762)",0.6502,0.131,0.0172,0.7434,0.8762,0.675,0.3572,0.5854
MOD13A3_006__1_km_monthly_NDVI_doy2019213_aid0001,_1_km_monthly_NDVI,aid0001,2019-08-01,1035.0,0.2352,0.8617,"(0.2352,0.8617)",0.7198,0.0862,0.0074,0.781,0.8617,0.7401,0.5287,0.6787
MOD13A3_006__1_km_monthly_NDVI_doy2019244_aid0001,_1_km_monthly_NDVI,aid0001,2019-09-01,1035.0,0.1574,0.8497,"(0.1574,0.8497)",0.6364,0.098,0.0096,0.707,0.8497,0.6385,0.3842,0.5774
